cultura,precipitacao,umidade_especifica,umidade_relativa,temperatura,rendimento,cenario,cluster
"Cocoa, beans",2248.92,17.72,83.4,26.01,11560,6,1
"Cocoa, beans",1938.42,17.54,82.11,26.11,11253,1,1
"Cocoa, beans",2301.54,17.81,82.79,26.24,9456,8,1
"Cocoa, beans",2592.35,17.61,85.07,25.56,9321,23,1
"Cocoa, beans",2344.72,17.61,84.12,25.76,8800,14,1
"Cocoa, beans",2339.3,17.7,84.54,25.76,8850,13,1
"Cocoa, beans",2326.09,18.09,84.63,26.11,9003,11,1
"Cocoa, beans",2718.08,18.3,85.43,26.12,9880,29,2
"Cocoa, beans",2061.61,17.8,84.36,25.88,9201,3,1
"Cocoa, beans",1934.62,17.94,83.43,26.21,8300,0,1
"Cocoa, beans",2217.12,18.03,84.39,26.1,5765,5,1
"Cocoa, beans",2249.7,18.01,84.24,26.11,5812,7,1
"Cocoa, beans",2530.96,18.15,85.33,26.02,6667,21,2
"Cocoa, beans",2504.7,18.19,85.45,26.02,6530,20,2
"Cocoa, beans",2686.2,18.38,85.77,26.13,6912,27,2
"Cocoa, beans",2414.79,18.18,85.76,25.93,7138,18,2
"Cocoa, beans",1999.53,18.2,84.36,26.27,7525,2,3
"Cocoa, beans",2362.8,18.7,84.03,26.79,7663,15,3
"Cocoa, beans",2792.95,18.24,86.04,25.95,8300,33,2
"Cocoa, beans",2751.24,18.31,85.98,26.02,9274,31,2
"Cocoa, beans",2646.28,18.4,86.02,26.1,9956,26,2
"Cocoa, beans",2302.99,18.22,84.48,26.25,9801,9,3
"Cocoa, beans",2692.34,18.37,85.54,26.18,7965,28,2
"Cocoa, beans",2424.55,18.28,85.16,26.18,7919,19,2
"Cocoa, beans",2363.63,18.35,84.92,26.28,8226,16,3
"Cocoa, beans",2892.78,18.49,86.09,26.18,10062,34,2
"Cocoa, beans",2729.53,18.41,86.03,26.11,12362,30,2
"Cocoa, beans",3085.79,18.34,86.1,26.03,13056,38,2
"Cocoa, beans",2922.18,18.43,85.51,26.23,10058,35,2
"Cocoa, beans",2546.33,18.43,84.23,26.49,7795,22,3
"Cocoa, beans",2938.29,18.22,85.42,26.06,10737,36,2
"Cocoa, beans",2771.73,18.38,84.98,26.3,7979,32,2
"Cocoa, beans",2607.96,18.37,84.67,26.35,7066,25,3
"Cocoa, beans",2604.59,18.19,83.44,26.43,7991,24,3
"Cocoa, beans",2308.51,18.27,83.65,26.47,11108,10,3
"Cocoa, beans",2410.13,18.58,83.45,26.81,11487,17,3
"Cocoa, beans",2967.41,18.67,85.48,26.46,7314,37,2
"Cocoa, beans",2333.46,18.5,84.85,26.43,9502,12,3
"Cocoa, beans",2109.34,18.51,83.52,26.72,8848,4,3
Oil palm fruit,2248.92,17.72,83.4,26.01,169783,6,1
Oil palm fruit,1938.42,17.54,82.11,26.11,201436,1,1
Oil palm fruit,2301.54,17.81,82.79,26.24,152343,8,1
Oil palm fruit,2592.35,17.61,85.07,25.56,181826,23,1
Oil palm fruit,2344.72,17.61,84.12,25.76,178183,14,1
Oil palm fruit,2339.3,17.7,84.54,25.76,169781,13,1
Oil palm fruit,2326.09,18.09,84.63,26.11,166042,11,1
Oil palm fruit,2718.08,18.3,85.43,26.12,165262,29,2
Oil palm fruit,2061.61,17.8,84.36,25.88,183004,3,1
Oil palm fruit,1934.62,17.94,83.43,26.21,177543,0,1
Oil palm fruit,2217.12,18.03,84.39,26.1,150428,5,1
Oil palm fruit,2249.7,18.01,84.24,26.11,151070,7,1
Oil palm fruit,2530.96,18.15,85.33,26.02,172165,21,2
Oil palm fruit,2504.7,18.19,85.45,26.02,160862,20,2
Oil palm fruit,2686.2,18.38,85.77,26.13,166136,27,2
Oil palm fruit,2414.79,18.18,85.76,25.93,163541,18,2
Oil palm fruit,1999.53,18.2,84.36,26.27,164772,2,3
Oil palm fruit,2362.8,18.7,84.03,26.79,142425,15,3
Oil palm fruit,2792.95,18.24,86.04,25.95,165993,33,2
Oil palm fruit,2751.24,18.31,85.98,26.02,167621,31,2
Oil palm fruit,2646.28,18.4,86.02,26.1,168476,26,2
Oil palm fruit,2302.99,18.22,84.48,26.25,162240,9,3
Oil palm fruit,2692.34,18.37,85.54,26.18,175629,28,2
Oil palm fruit,2424.55,18.28,85.16,26.18,180323,19,2
Oil palm fruit,2363.63,18.35,84.92,26.28,184629,16,3
Oil palm fruit,2892.78,18.49,86.09,26.18,190626,34,2
Oil palm fruit,2729.53,18.41,86.03,26.11,183544,30,2
Oil palm fruit,3085.79,18.34,86.1,26.03,195523,38,2
Oil palm fruit,2922.18,18.43,85.51,26.23,182696,35,2
Oil palm fruit,2546.33,18.43,84.23,26.49,171189,22,3
Oil palm fruit,2938.29,18.22,85.42,26.06,185831,36,2
Oil palm fruit,2771.73,18.38,84.98,26.3,186959,32,2
Oil palm fruit,2607.96,18.37,84.67,26.35,181496,25,3
Oil palm fruit,2604.59,18.19,83.44,26.43,203399,24,3
Oil palm fruit,2308.51,18.27,83.65,26.47,202379,10,3
Oil palm fruit,2410.13,18.58,83.45,26.81,172601,17,3
Oil palm fruit,2967.41,18.67,85.48,26.46,199074,37,2
Oil palm fruit,2333.46,18.5,84.85,26.43,189657,12,3
Oil palm fruit,2109.34,18.51,83.52,26.72,189896,4,3
"Rice, paddy",2248.92,17.72,83.4,26.01,28409,6,1
"Rice, paddy",1938.42,17.54,82.11,26.11,27619,1,1
"Rice, paddy",2301.54,17.81,82.79,26.24,26041,8,1
"Rice, paddy",2592.35,17.61,85.07,25.56,25187,23,1
"Rice, paddy",2344.72,17.61,84.12,25.76,26648,14,1
"Rice, paddy",2339.3,17.7,84.54,25.76,26399,13,1
"Rice, paddy",2326.09,18.09,84.63,26.11,24686,11,1
"Rice, paddy",2718.08,18.3,85.43,26.12,25251,29,2
"Rice, paddy",2061.61,17.8,84.36,25.88,26251,3,1
"Rice, paddy",1934.62,17.94,83.43,26.21,27694,0,1
"Rice, paddy",2217.12,18.03,84.39,26.1,28178,5,1
"Rice, paddy",2249.7,18.01,84.24,26.11,29918,7,1
"Rice, paddy",2530.96,18.15,85.33,26.02,30348,21,2
"Rice, paddy",2504.7,18.19,85.45,26.02,30614,20,2
"Rice, paddy",2686.2,18.38,85.77,26.13,31619,27,2
"Rice, paddy",2414.79,18.18,85.76,25.93,32510,18,2
"Rice, paddy",1999.53,18.2,84.36,26.27,30676,2,3
"Rice, paddy",2362.8,18.7,84.03,26.79,28829,15,3
"Rice, paddy",2792.95,18.24,86.04,25.95,29415,33,2
"Rice, paddy",2751.24,18.31,85.98,26.02,30640,31,2
"Rice, paddy",2646.28,18.4,86.02,26.1,31101,26,2
"Rice, paddy",2302.99,18.22,84.48,26.25,32385,9,3
"Rice, paddy",2692.34,18.37,85.54,26.18,33596,28,2
"Rice, paddy",2424.55,18.28,85.16,26.18,33260,19,2
"Rice, paddy",2363.63,18.35,84.92,26.28,34221,16,3
"Rice, paddy",2892.78,18.49,86.09,26.18,33907,34,2
"Rice, paddy",2729.53,18.41,86.03,26.11,35277,30,2
"Rice, paddy",3085.79,18.34,86.1,26.03,35836,38,2
"Rice, paddy",2922.18,18.43,85.51,26.23,37205,35,2
"Rice, paddy",2546.33,18.43,84.23,26.49,36361,22,3
"Rice, paddy",2938.29,18.22,85.42,26.06,37468,36,2
"Rice, paddy",2771.73,18.38,84.98,26.3,37972,32,2
"Rice, paddy",2607.96,18.37,84.67,26.35,38763,25,3
"Rice, paddy",2604.59,18.19,83.44,26.43,29855,24,3
"Rice, paddy",2308.51,18.27,83.65,26.47,40223,10,3
"Rice, paddy",2410.13,18.58,83.45,26.81,39775,17,3
"Rice, paddy",2967.41,18.67,85.48,26.46,37496,37,2
"Rice, paddy",2333.46,18.5,84.85,26.43,37704,12,3
"Rice, paddy",2109.34,18.51,83.52,26.72,42550,4,3
"Rubber, natural",2248.92,17.72,83.4,26.01,9322,6,1
"Rubber, natural",1938.42,17.54,82.11,26.11,9223,1,1
"Rubber, natural",2301.54,17.81,82.79,26.24,9866,8,1
"Rubber, natural",2592.35,17.61,85.07,25.56,9718,23,1
"Rubber, natural",2344.72,17.61,84.12,25.76,9573,14,1
"Rubber, natural",2339.3,17.7,84.54,25.76,10024,13,1
"Rubber, natural",2326.09,18.09,84.63,26.11,10285,11,1
"Rubber, natural",2718.08,18.3,85.43,26.12,10010,29,2
"Rubber, natural",2061.61,17.8,84.36,25.88,8604,3,1
"Rubber, natural",1934.62,17.94,83.43,26.21,8002,0,1
"Rubber, natural",2217.12,18.03,84.39,26.1,6913,5,1
"Rubber, natural",2249.7,18.01,84.24,26.11,6546,7,1
"Rubber, natural",2530.96,18.15,85.33,26.02,6077,21,2
"Rubber, natural",2504.7,18.19,85.45,26.02,6333,20,2
"Rubber, natural",2686.2,18.38,85.77,26.13,6448,27,2
"Rubber, natural",2414.79,18.18,85.76,25.93,6562,18,2
"Rubber, natural",1999.53,18.2,84.36,26.27,6008,2,3
"Rubber, natural",2362.8,18.7,84.03,26.79,5693,15,3
"Rubber, natural",2792.95,18.24,86.04,25.95,5249,33,2
"Rubber, natural",2751.24,18.31,85.98,26.02,6484,31,2
"Rubber, natural",2646.28,18.4,86.02,26.1,6348,26,2
"Rubber, natural",2302.99,18.22,84.48,26.25,6597,9,3
"Rubber, natural",2692.34,18.37,85.54,26.18,7435,28,2
"Rubber, natural",2424.55,18.28,85.16,26.18,9139,19,2
"Rubber, natural",2363.63,18.35,84.92,26.28,8857,16,3
"Rubber, natural",2892.78,18.49,86.09,26.18,10159,34,2
"Rubber, natural",2729.53,18.41,86.03,26.11,9612,30,2
"Rubber, natural",3085.79,18.34,86.1,26.03,8599,38,2
"Rubber, natural",2922.18,18.43,85.51,26.23,8337,35,2
"Rubber, natural",2546.33,18.43,84.23,26.49,9205,22,3
"Rubber, natural",2938.29,18.22,85.42,26.06,9701,36,2
"Rubber, natural",2771.73,18.38,84.98,26.3,8865,32,2
"Rubber, natural",2607.96,18.37,84.67,26.35,7817,25,3
"Rubber, natural",2604.59,18.19,83.44,26.43,6275,24,3
"Rubber, natural",2308.51,18.27,83.65,26.47,6721,10,3
"Rubber, natural",2410.13,18.58,83.45,26.81,6248,17,3
"Rubber, natural",2967.41,18.67,85.48,26.46,6842,37,2
"Rubber, natural",2333.46,18.5,84.85,26.43,5571,12,3
"Rubber, natural",2109.34,18.51,83.52,26.72,5903,4,3
